{"cameraMode":{"drawMode":0,"name":"Shaded","section":"Shading Mode"},"sceneLighting":true,"audioPlay":false,"sceneViewState":{"showFog":true,"showMaterialUpdate":true,"showSkybox":true,"showFlares":true,"showImageEffects":true,"showParticleSystems":true},"in2DMode":false,"pivot":{"x":-0.03546150401234627,"y":1.393200159072876,"z":1.436907172203064},"rotation":{"x":0.16386190056800843,"y":-0.5474398732185364,"z":0.11042842268943787,"w":0.8132408857345581},"size":7.370501518249512,"orthographic":true}